time(s),ADRC u
0,0
0.005,0
0.01,12.6193
0.015,4.43974
0.02,11.9489
0.025,5.34238
0.03,12.2128
0.035,6.41317
0.04,13.4705
0.045,7.47399
0.05,15.8202
0.055,8.20406
0.06,19.6371
0.065,7.73567
0.07,24.9105
0.075,5.02908
0.08,32.4602
0.085,1.77714
0.09,8.49981
0.095,1.5704
0.1,2.53778
0.105,3.69157
0.11,4.47341
0.115,4.79204
0.12,5.0284
0.125,5.1463
0.13,5.1695
0.135,5.10445
0.14,4.96099
0.145,4.74914
0.15,4.48358
0.155,4.2645
0.16,3.97111
0.165,3.54294
0.17,4.01172
0.175,13.2191
0.18,6.82773
0.185,9.41467
0.19,7.01993
0.195,6.66887
0.2,5.58365
0.205,4.99922
0.21,4.28625
0.215,2.83921
0.22,1.80933
0.225,1.19872
0.23,0.588769
0.235,0.100438
0.24,-0.340758
0.245,-0.701818
0.25,-1.0141
0.255,-1.26339
0.26,-1.46932
0.265,-1.62365
0.27,-1.74172
0.275,-1.81748
0.28,-1.86428
0.285,-1.87691
0.29,-1.86753
0.295,-1.83129
0.3,-1.77931
0.305,-1.70701
0.31,-1.62443
0.315,-1.5273
0.32,-1.42454
0.325,-1.3122
0.33,-1.19805
0.335,-1.07848
0.34,-0.960165
0.345,-0.839816
0.35,-0.723093
0.355,-0.606961
0.36,-0.496209
0.365,-0.388006
0.37,-0.28639
0.375,-0.188669
0.38,-0.098273
0.385,-0.0126166
0.39,0.0653725
0.395,0.138209
0.4,0.203354
0.405,0.263283
0.41,0.315754
0.415,0.363193
0.42,0.403609
0.425,0.439381
0.43,0.468695
0.435,0.493891
0.44,0.513279
0.445,0.529162
0.45,0.539926
0.455,0.547839
0.46,0.551331
0.465,0.552627
0.47,0.550176
0.475,0.546167
0.48,0.539044
0.485,0.530947
0.49,0.520307
0.495,0.509223
0.5,0.496102
0.505,0.483
0.51,0.468288
0.515,0.453989
0.52,0.438434
0.525,0.423617
0.53,0.407828
0.535,0.393034
0.54,0.377489
0.545,0.363126
0.55,0.348181
0.555,0.334552
0.56,0.320454
0.565,0.307765
0.57,0.294671
0.575,0.283035
0.58,0.271032
0.585,0.260499
0.59,0.249604
0.595,0.240171
0.6,0.23036
0.605,0.22198
0.61,0.213189
0.615,0.205784
0.62,0.197928
0.625,0.191403
0.63,0.184383
0.635,0.178631
0.64,0.172331
0.645,0.16724
0.65,0.161551
0.655,0.157009
0.66,0.151826
0.665,0.147729
0.67,0.14295
0.675,0.139201
0.68,0.134727
0.685,0.131237
0.69,0.126992
0.695,0.123684
0.7,0.119596
0.705,0.116406
0.71,0.112415
0.715,0.109287
0.72,0.105346
0.725,0.102243
0.73,0.0983143
0.735,0.0952015
0.74,0.0912585
0.745,0.088109
0.75,0.0841314
0.755,0.0809312
0.76,0.0769036
0.765,0.0736462
0.77,0.0695673
0.775,0.0662487
0.78,0.0621096
0.785,0.0587272
0.79,0.0545352
0.795,0.0510934
0.8,0.0468515
0.805,0.0433551
0.81,0.0390738
0.815,0.035531
0.82,0.0312114
0.825,0.0276307
0.83,0.0232859
0.835,0.0196756
0.84,0.015313
0.845,0.0116824
0.85,0.00730628
0.855,0.00366175
0.86,-0.000717014
0.865,-0.00436461
0.87,-0.00873789
0.875,-0.0123879
0.88,-0.0167545
0.885,-0.020397
0.89,-0.0247473
0.895,-0.0283816
0.9,-0.0327134
0.905,-0.0363324
0.91,-0.0406437
0.915,-0.0442451
0.92,-0.04853
0.925,-0.0521113
0.93,-0.0563708
0.935,-0.0599343
0.94,-0.0641656
0.945,-0.0677087
0.95,-0.0719145
0.955,-0.0754347
0.96,-0.0796136
0.965,-0.0831134
0.97,-0.087263
0.975,-0.0907411
0.98,-0.0948679
0.985,-0.0983268
0.99,-0.102426
0.995,-0.105865
1,-0.109938
1.005,-0.11336
1.01,-0.117411
1.015,-0.120818
1.02,-0.124847
1.025,-0.128234
1.03,-0.132243
1.035,-0.135618
1.04,-0.139606
1.045,-0.142968
1.05,-0.146939
1.055,-0.150287
1.06,-0.15424
1.065,-0.157576
1.07,-0.161514
1.075,-0.164839
1.08,-0.168761
1.085,-0.175727
1.09,-0.180913
1.095,-0.184062
1.1,-0.18796
1.105,-0.191354
1.11,-0.195399
1.115,-0.198941
1.12,-0.203113
1.125,-0.206779
1.13,-0.211051
1.135,-0.214813
1.14,-0.219164
1.145,-0.223002
1.15,-0.22741
1.155,-0.231301
1.16,-0.235742
1.165,-0.239664
1.17,-0.244126
1.175,-0.248067
1.18,-0.252528
1.185,-0.256474
1.19,-0.260926
1.195,-0.264863
1.2,-0.269294
1.205,-0.273216
1.21,-0.277621
1.215,-0.28152
1.22,-0.285894
1.225,-0.289767
1.23,-0.294103
1.235,-0.297944
1.24,-0.302244
1.245,-0.306053
1.25,-0.310312
1.255,-0.314091
1.26,-0.31831
1.265,-0.322056
1.27,-0.326235
1.275,-0.32995
1.28,-0.334094
1.285,-0.33778
1.29,-0.341886
1.295,-0.345545
1.3,-0.349618
1.305,-0.35325
1.31,-0.357291
1.315,-0.360899
1.32,-0.364912
1.325,-0.368501
1.33,-0.372486
1.335,-0.376054
1.34,-0.380012
1.345,-0.383562
1.35,-0.387496
1.355,-0.391029
1.36,-0.394942
1.365,-0.398458
1.37,-0.402348
1.375,-0.405849
1.38,-0.409718
1.385,-0.413207
1.39,-0.417055
1.395,-0.420531
1.4,-0.42436
1.405,-0.42978
1.41,-0.435719
1.415,-0.440177
1.42,-0.444247
1.425,-0.447896
1.43,-0.45168
1.435,-0.455288
1.44,-0.459144
1.445,-0.46287
1.45,-0.466853
1.455,-0.470702
1.46,-0.474793
1.465,-0.47873
1.47,-0.482895
1.475,-0.486893
1.48,-0.4911
1.485,-0.495125
1.49,-0.499345
1.495,-0.503372
1.5,-0.507583
1.505,-0.51159
1.51,-0.515776
1.515,-0.519749
1.52,-0.523892
1.525,-0.527819
1.53,-0.531912
1.535,-0.535786
1.54,-0.539824
1.545,-0.543638
1.55,-0.547616
1.555,-0.551369
1.56,-0.555285
1.565,-0.558975
1.57,-0.562826
1.575,-0.566451
1.58,-0.570239
1.585,-0.573808
1.59,-0.577538
1.595,-0.581045
1.6,-0.584717
1.605,-0.588168
1.61,-0.591786
1.615,-0.595187
1.62,-0.598754
1.625,-0.6021
1.63,-0.605612
1.635,-0.608908
1.64,-0.612375
1.645,-0.615626
1.65,-0.619046
1.655,-0.622252
1.66,-0.625628
1.665,-0.62879
1.67,-0.632119
1.675,-0.635233
1.68,-0.638522
1.685,-0.641598
1.69,-0.644847
1.695,-0.64788
1.7,-0.651087
1.705,-0.65408
1.71,-0.657246
1.715,-0.660201
1.72,-0.663327
1.725,-0.666244
1.73,-0.669332
1.735,-0.672206
1.74,-0.675257
1.745,-0.678094
1.75,-0.681106
1.755,-0.683907
1.76,-0.686882
1.765,-0.689642
1.77,-0.692575
1.775,-0.695298
1.78,-0.698193
1.785,-0.700879
1.79,-0.703736
1.795,-0.70638
1.8,-0.709202
1.805,-0.711811
1.81,-0.714596
1.815,-0.717165
1.82,-0.71991
1.825,-0.722442
1.83,-0.725149
1.835,-0.727645
1.84,-0.730315
1.845,-0.732771
1.85,-0.735402
1.855,-0.737821
1.86,-0.740415
1.865,-0.742794
1.87,-0.745348
1.875,-0.747691
1.88,-0.750208
1.885,-0.752511
1.89,-0.754989
1.895,-0.757255
1.9,-0.759696
1.905,-0.761924
1.91,-0.764325
1.915,-0.766517
1.92,-0.768881
1.925,-0.771036
1.93,-0.773369
1.935,-0.775487
1.94,-0.777783
1.945,-0.779866
1.95,-0.782125
1.955,-0.784173
1.96,-0.786397
1.965,-0.788407
1.97,-0.790593
1.975,-0.792568
1.98,-0.794717
1.985,-0.796659
1.99,-0.798773
1.995,-0.800675
2,-0.802756
2.005,-0.804625
2.01,-0.806671
2.015,-0.808506
2.02,-0.810518
2.025,-0.812316
2.03,-0.81429
2.035,-0.816052
2.04,-0.817995
2.045,-0.819726
2.05,-0.821633
2.055,-0.823331
2.06,-0.825204
2.065,-0.826868
2.07,-0.828709
2.075,-0.830342
2.08,-0.832148
2.085,-0.833747
2.09,-0.835523
2.095,-0.83709
2.1,-0.838832
2.105,-0.840365
2.11,-0.842076
2.115,-0.843578
2.12,-0.845254
2.125,-0.846721
2.13,-0.848366
2.135,-0.8498
2.14,-0.851413
2.145,-0.852818
2.15,-0.854403
2.155,-0.855776
2.16,-0.85733
2.165,-0.858671
2.17,-0.860193
2.175,-0.861505
2.18,-0.862996
2.185,-0.86428
2.19,-0.865741
2.195,-0.866992
2.2,-0.868421
2.205,-0.869642
2.21,-0.87104
2.215,-0.872231
2.22,-0.873601
2.225,-0.874763
2.23,-0.876106
2.235,-0.877241
2.24,-0.878553
2.245,-0.879656
2.25,-0.880939
2.255,-0.882017
2.26,-0.883273
2.265,-0.884322
2.27,-0.885549
2.275,-0.886571
2.28,-0.887772
2.285,-0.888763
2.29,-0.889933
2.295,-0.890896
2.3,-0.892041
2.305,-0.892978
2.31,-0.894093
2.315,-0.895006
2.32,-0.896097
2.325,-0.896982
2.33,-0.898047
2.335,-0.898905
2.34,-0.899943
2.345,-0.900774
2.35,-0.901789
2.355,-0.902598
2.36,-0.903587
2.365,-0.90437
2.37,-0.905335
2.375,-0.906093
2.38,-0.90703
2.385,-0.907764
2.39,-0.908677
2.395,-0.909383
2.4,-0.910273
2.405,-0.910957
2.41,-0.911822
2.415,-0.912481
2.42,-0.913324
2.425,-0.913959
2.43,-0.914774
2.435,-0.915385
2.44,-0.91618
2.445,-0.916772
2.45,-0.917544
2.455,-0.918108
2.46,-0.918857
2.465,-0.919403
2.47,-0.920128
2.475,-0.920647
2.48,-0.921352
2.485,-0.921852
2.49,-0.922534
2.495,-0.923012
2.5,-0.923674
2.505,-0.924129
2.51,-0.92477
2.515,-0.925206
2.52,-0.925826
2.525,-0.926242
2.53,-0.926839
2.535,-0.927234
2.54,-0.927811
2.545,-0.928183
2.55,-0.928738
2.555,-0.92909
2.56,-0.929628
2.565,-0.929962
2.57,-0.930477
2.575,-0.930791
2.58,-0.931292
2.585,-0.931587
2.59,-0.932065
2.595,-0.932344
2.6,-0.932806
2.605,-0.933066
2.61,-0.933509
2.615,-0.933751
2.62,-0.934175
2.625,-0.934397
2.63,-0.934803
2.635,-0.935006
2.64,-0.935393
2.645,-0.935577
2.65,-0.935947
2.655,-0.936118
2.66,-0.936473
2.665,-0.936626
2.67,-0.936962
2.675,-0.937096
2.68,-0.937416
2.685,-0.937537
2.69,-0.937841
2.695,-0.937945
2.7,-0.938236
2.705,-0.938325
2.71,-0.938597
2.715,-0.938665
2.72,-0.93892
2.725,-0.938977
2.73,-0.939219
2.735,-0.93926
2.74,-0.939486
2.745,-0.93951
2.75,-0.939722
2.755,-0.939734
2.76,-0.939932
2.765,-0.939927
2.77,-0.94011
2.775,-0.940092
2.78,-0.940262
2.785,-0.940232
2.79,-0.940387
2.795,-0.940341
2.8,-0.94048
2.805,-0.940421
2.81,-0.940549
2.815,-0.940476
2.82,-0.940591
2.825,-0.940506
2.83,-0.940606
2.835,-0.940506
2.84,-0.940596
2.845,-0.940486
2.85,-0.940562
2.855,-0.940438
2.86,-0.940501
2.865,-0.940364
2.87,-0.940417
2.875,-0.940272
2.88,-0.940313
2.885,-0.940157
2.89,-0.940189
2.895,-0.940021
2.9,-0.94004
2.905,-0.93986
2.91,-0.939869
2.915,-0.93968
2.92,-0.939677
2.925,-0.939477
2.93,-0.939463
2.935,-0.939253
2.94,-0.939231
2.945,-0.939011
2.95,-0.938979
2.955,-0.93875
2.96,-0.938706
2.965,-0.938463
2.97,-0.938407
2.975,-0.938153
2.98,-0.938086
2.985,-0.937824
2.99,-0.937751
2.995,-0.937479
3,-0.937396
3.005,-0.937115
3.01,-0.937025
3.015,-0.936738
3.02,-0.936639
3.025,-0.936343
3.03,-0.936234
3.035,-0.93593
3.04,-0.935816
3.045,-0.935504
3.05,-0.93538
3.055,-0.935058
3.06,-0.934926
3.065,-0.934597
3.07,-0.93446
3.075,-0.934127
3.08,-0.933983
3.085,-0.933643
3.09,-0.933492
3.095,-0.933143
3.1,-0.932981
3.105,-0.932624
3.11,-0.932458
3.115,-0.932097
3.12,-0.931921
3.125,-0.931552
3.13,-0.931371
3.135,-0.930994
3.14,-0.930805
3.145,-0.930418
3.15,-0.930226
3.155,-0.929836
3.16,-0.929635
3.165,-0.929239
3.17,-0.929034
3.175,-0.928632
3.18,-0.928421
3.185,-0.928013
3.19,-0.927796
3.195,-0.927383
3.2,-0.927163
3.205,-0.926748
3.21,-0.926522
3.215,-0.926101
3.22,-0.925868
3.225,-0.925442
3.23,-0.925205
3.235,-0.924774
3.24,-0.924535
3.245,-0.924099
3.25,-0.923852
3.255,-0.923414
3.26,-0.923163
3.265,-0.92272
3.27,-0.922466
3.275,-0.922015
3.28,-0.921756
3.285,-0.921302
3.29,-0.921043
3.295,-0.920585
3.3,-0.92032
3.305,-0.919861
3.31,-0.919593
3.315,-0.919131
3.32,-0.918862
3.325,-0.918394
3.33,-0.918117
3.335,-0.917646
3.34,-0.917367
3.345,-0.916892
3.35,-0.916608
3.355,-0.916134
3.36,-0.915847
3.365,-0.91537
3.37,-0.915083
3.375,-0.914599
3.38,-0.914308
3.385,-0.913823
3.39,-0.913531
3.395,-0.913047
3.4,-0.912753
3.405,-0.912265
3.41,-0.911968
3.415,-0.911477
3.42,-0.911176
3.425,-0.910682
3.43,-0.910379
3.435,-0.909883
3.44,-0.90958
3.445,-0.909084
3.45,-0.908781
3.455,-0.908283
3.46,-0.907975
3.465,-0.907475
3.47,-0.90717
3.475,-0.906669
3.48,-0.906361
3.485,-0.905859
3.49,-0.905549
3.495,-0.905044
3.5,-0.904732
3.505,-0.904227
3.51,-0.903915
3.515,-0.903409
3.52,-0.903097
3.525,-0.902593
3.53,-0.902279
3.535,-0.90177
3.54,-0.901455
3.545,-0.900949
3.55,-0.900633
3.555,-0.900124
3.56,-0.899806
3.565,-0.899294
3.57,-0.898976
3.575,-0.898468
3.58,-0.898152
3.585,-0.897643
3.59,-0.897327
3.595,-0.896818
3.6,-0.896503
3.605,-0.89599
3.61,-0.895673
3.615,-0.89516
3.62,-0.894844
3.625,-0.894333
3.63,-0.894014
3.635,-0.893503
3.64,-0.893185
3.645,-0.892677
3.65,-0.892362
3.655,-0.891854
3.66,-0.891536
3.665,-0.891028
3.67,-0.890715
3.675,-0.890207
3.68,-0.889893
3.685,-0.889384
3.69,-0.889066
3.695,-0.888558
3.7,-0.888246
3.705,-0.88774
3.71,-0.887427
3.715,-0.886921
3.72,-0.886608
3.725,-0.886101
3.73,-0.885788
3.735,-0.885281
3.74,-0.884966
3.745,-0.884463
3.75,-0.884155
3.755,-0.883656
3.76,-0.883346
3.765,-0.882846
3.77,-0.882537
3.775,-0.882038
3.78,-0.88173
3.785,-0.881233
3.79,-0.880926
3.795,-0.880431
3.8,-0.880126
3.805,-0.879632
3.81,-0.87933
3.815,-0.878835
3.82,-0.878533
3.825,-0.878039
3.83,-0.877739
3.835,-0.877247
3.84,-0.87695
3.845,-0.876461
3.85,-0.876166
3.855,-0.87568
3.86,-0.875388
3.865,-0.874906
3.87,-0.874614
3.875,-0.874128
3.88,-0.873837
3.885,-0.873353
3.89,-0.873064
3.895,-0.872582
3.9,-0.872296
3.905,-0.871818
3.91,-0.871535
3.915,-0.871061
3.92,-0.870777
3.925,-0.870305
3.93,-0.870024
3.935,-0.86955
3.94,-0.86927
3.945,-0.868798
3.95,-0.868521
3.955,-0.868052
3.96,-0.867778
3.965,-0.867312
3.97,-0.867041
3.975,-0.866578
3.98,-0.866311
3.985,-0.86585
3.99,-0.865586
3.995,-0.86513
4,-0.864864
4.005,-0.864408
4.01,-0.864145
4.015,-0.863688
4.02,-0.863424
4.025,-0.862972
4.03,-0.862712
4.035,-0.862263
4.04,-0.862006
4.045,-0.861559
4.05,-0.861304
4.055,-0.860859
4.06,-0.86061
4.065,-0.860168
4.07,-0.859922
4.075,-0.859483
4.08,-0.859238
4.085,-0.858801
4.09,-0.858558
4.095,-0.858122
4.1,-0.857879
4.105,-0.857447
4.11,-0.857211
4.115,-0.856783
4.12,-0.856549
4.125,-0.856122
4.13,-0.855889
4.135,-0.855462
4.14,-0.855232
4.145,-0.854811
4.15,-0.854585
4.155,-0.854165
4.16,-0.853937
4.165,-0.85352
4.17,-0.853299
4.175,-0.852883
4.18,-0.852665
4.185,-0.852255
4.19,-0.852038
4.195,-0.851631
4.2,-0.851419
4.205,-0.851014
4.21,-0.850802
4.215,-0.850398
4.22,-0.850189
4.225,-0.84979
4.23,-0.849584
4.235,-0.849189
4.24,-0.848988
4.245,-0.848596
4.25,-0.8484
4.255,-0.848008
4.26,-0.847813
4.265,-0.847423
4.27,-0.847229
4.275,-0.846846
4.28,-0.846657
4.285,-0.846277
4.29,-0.846091
4.295,-0.845713
4.3,-0.845528
4.305,-0.845153
4.31,-0.844969
4.315,-0.844593
4.32,-0.844414
4.325,-0.844045
4.33,-0.843869
4.335,-0.843502
4.34,-0.843327
4.345,-0.842959
4.35,-0.842787
4.355,-0.842424
4.36,-0.842255
4.365,-0.841895
4.37,-0.841731
4.375,-0.841376
4.38,-0.841215
4.385,-0.840863
4.39,-0.840703
4.395,-0.840354
4.4,-0.840199
4.405,-0.839851
4.41,-0.839699
4.415,-0.839355
4.42,-0.839206
4.425,-0.838865
4.43,-0.838719
4.435,-0.838381
4.44,-0.838238
4.445,-0.837902
4.45,-0.83776
4.455,-0.837428
4.46,-0.83729
4.465,-0.836959
4.47,-0.836824
4.475,-0.836497
4.48,-0.836365
4.485,-0.836042
4.49,-0.835914
4.495,-0.835593
4.5,-0.835466
4.505,-0.835146
4.51,-0.835022
4.515,-0.834707
4.52,-0.834587
4.525,-0.834274
4.53,-0.834156
4.535,-0.833845
4.54,-0.83373
4.545,-0.833423
4.55,-0.833311
4.555,-0.833008
4.56,-0.832898
4.565,-0.832598
4.57,-0.832491
4.575,-0.832193
4.58,-0.832088
4.585,-0.831793
4.59,-0.831693
4.595,-0.8314
4.6,-0.831301
4.605,-0.831012
4.61,-0.830918
4.615,-0.830631
4.62,-0.830538
4.625,-0.830254
4.63,-0.830164
4.635,-0.829883
4.64,-0.829796
4.645,-0.829517
4.65,-0.829433
4.655,-0.829157
4.66,-0.829075
4.665,-0.8288
4.67,-0.828721
4.675,-0.828451
4.68,-0.828374
4.685,-0.828107
4.69,-0.828034
4.695,-0.827769
4.7,-0.827699
4.705,-0.827436
4.71,-0.827368
4.715,-0.827109
4.72,-0.827044
4.725,-0.826786
4.73,-0.826723
4.735,-0.826469
4.74,-0.82641
4.745,-0.826158
4.75,-0.826101
4.755,-0.825852
4.76,-0.825798
4.765,-0.825552
4.77,-0.825498
4.775,-0.825252
4.78,-0.825203
4.785,-0.824961
4.79,-0.824914
4.795,-0.824676
4.8,-0.824632
4.805,-0.824396
4.81,-0.824354
4.815,-0.824118
4.82,-0.824079
4.825,-0.823848
4.83,-0.823809
4.835,-0.82358
4.84,-0.823545
4.845,-0.823319
4.85,-0.823286
4.855,-0.823063
4.86,-0.823032
4.865,-0.822811
4.87,-0.822783
4.875,-0.822563
4.88,-0.822537
4.885,-0.822321
4.89,-0.822298
4.895,-0.822083
4.9,-0.822062
4.905,-0.82185
4.91,-0.821832
4.915,-0.821623
4.92,-0.821608
4.925,-0.821402
4.93,-0.821389
4.935,-0.821185
4.94,-0.821174
4.945,-0.820971
4.95,-0.820962
4.955,-0.82076
4.96,-0.820753
4.965,-0.820554
4.97,-0.82055
4.975,-0.820351
4.98,-0.820348
4.985,-0.820153
4.99,-0.820152
4.995,-0.819959
5,-0.819961
5.005,-0.81977
5.01,-0.819774
5.015,-0.819585
5.02,-0.81959
5.025,-0.819404
5.03,-0.819413
5.035,-0.819229
5.04,-0.819239
5.045,-0.819058
5.05,-0.819071
5.055,-0.818891
5.06,-0.818906
5.065,-0.818729
5.07,-0.818745
5.075,-0.818569
5.08,-0.818586
5.085,-0.818411
5.09,-0.818433
5.095,-0.818261
5.1,-0.818283
5.105,-0.818115
5.11,-0.81814
5.115,-0.817972
5.12,-0.817999
5.125,-0.817834
5.13,-0.817863
5.135,-0.817698
5.14,-0.817729
5.145,-0.817566
5.15,-0.817599
5.155,-0.817439
5.16,-0.817473
5.165,-0.817315
5.17,-0.817351
5.175,-0.817195
5.18,-0.817232
5.185,-0.817077
5.19,-0.817115
5.195,-0.816961
5.2,-0.817003
5.205,-0.816851
5.21,-0.816893
5.215,-0.816743
5.22,-0.816788
5.225,-0.816639
5.23,-0.816685
5.235,-0.816538
5.24,-0.816584
5.245,-0.816438
5.25,-0.816486
5.255,-0.816341
5.26,-0.816392
5.265,-0.816251
5.27,-0.816304
5.275,-0.816165
5.28,-0.81622
5.285,-0.816082
5.29,-0.816136
5.295,-0.816
5.3,-0.816057
5.305,-0.815922
5.31,-0.815981
5.315,-0.815848
5.32,-0.815908
5.325,-0.815775
5.33,-0.815836
5.335,-0.815704
5.34,-0.815767
5.345,-0.815636
5.35,-0.8157
5.355,-0.815573
5.36,-0.815639
5.365,-0.815513
5.37,-0.81558
5.375,-0.815455
5.38,-0.815524
5.385,-0.815401
5.39,-0.81547
5.395,-0.815348
5.4,-0.815421
5.405,-0.8153
5.41,-0.815373
5.415,-0.815253
5.42,-0.815328
5.425,-0.815208
5.43,-0.815284
5.435,-0.815167
5.44,-0.815242
5.445,-0.815125
5.45,-0.815202
5.455,-0.815085
5.46,-0.815165
5.465,-0.81505
5.47,-0.815131
5.475,-0.81502
5.48,-0.815102
5.485,-0.814992
5.49,-0.815074
5.495,-0.814964
5.5,-0.815047
5.505,-0.814938
5.51,-0.815023
5.515,-0.814915
5.52,-0.815002
5.525,-0.814897
5.53,-0.814984
5.535,-0.814878
5.54,-0.814966
5.545,-0.814861
5.55,-0.814951
5.555,-0.814848
5.56,-0.814937
5.565,-0.814835
5.57,-0.814925
5.575,-0.814824
5.58,-0.814915
5.585,-0.814814
5.59,-0.814908
5.595,-0.814808
5.6,-0.814903
5.605,-0.814804
5.61,-0.814899
5.615,-0.814801
5.62,-0.814895
5.625,-0.814798
5.63,-0.814896
5.635,-0.8148
5.64,-0.814897
5.645,-0.814802
5.65,-0.814902
5.655,-0.814807
5.66,-0.814906
5.665,-0.814813
5.67,-0.814913
5.675,-0.814821
5.68,-0.814924
5.685,-0.814832
5.69,-0.814933
5.695,-0.814841
5.7,-0.814943
5.705,-0.814853
5.71,-0.814955
5.715,-0.814866
5.72,-0.81497
5.725,-0.814881
5.73,-0.814986
5.735,-0.814897
5.74,-0.815003
5.745,-0.814918
5.75,-0.815027
5.755,-0.814943
5.76,-0.815051
5.765,-0.814967
5.77,-0.815076
5.775,-0.814992
5.78,-0.8151
5.785,-0.815015
5.79,-0.815124
5.795,-0.815041
5.8,-0.815151
5.805,-0.815068
5.81,-0.815178
5.815,-0.815097
5.82,-0.815208
5.825,-0.815125
5.83,-0.815237
5.835,-0.815155
5.84,-0.815268
5.845,-0.815189
5.85,-0.815302
5.855,-0.815221
5.86,-0.815334
5.865,-0.815253
5.87,-0.815367
5.875,-0.815288
5.88,-0.815403
5.885,-0.815324
5.89,-0.81544
5.895,-0.815363
5.9,-0.815479
5.905,-0.815403
5.91,-0.815518
5.915,-0.815441
5.92,-0.815558
5.925,-0.815482
5.93,-0.815599
5.935,-0.815524
5.94,-0.815641
5.945,-0.815565
5.95,-0.815683
5.955,-0.815607
5.96,-0.815724
5.965,-0.81565
5.97,-0.815768
5.975,-0.815693
5.98,-0.815813
5.985,-0.815738
5.99,-0.815857
5.995,-0.815784
6,-0.815903
6.005,-0.81583
6.01,-0.81595
6.015,-0.815877
6.02,-0.815996
6.025,-0.815923
6.03,-0.816045
6.035,-0.815972
6.04,-0.816092
6.045,-0.81602
6.05,-0.816142
6.055,-0.816072
6.06,-0.816193
6.065,-0.816122
6.07,-0.816244
6.075,-0.816173
6.08,-0.816297
6.085,-0.816227
6.09,-0.816349
6.095,-0.816278
6.1,-0.816401
6.105,-0.816331
6.11,-0.816455
6.115,-0.816387
6.12,-0.81651
6.125,-0.81644
6.13,-0.816563
6.135,-0.816493
6.14,-0.816617
6.145,-0.816547
6.15,-0.816671
6.155,-0.816603
6.16,-0.816728
6.165,-0.81666
6.17,-0.816786
6.175,-0.816717
6.18,-0.816842
6.185,-0.816773
6.19,-0.816898
6.195,-0.816829
6.2,-0.816955
6.205,-0.816886
6.21,-0.817012
6.215,-0.816943
6.22,-0.817069
6.225,-0.817001
6.23,-0.817127
6.235,-0.817058
6.24,-0.817184
6.245,-0.817117
6.25,-0.817244
6.255,-0.817177
6.26,-0.817304
6.265,-0.817237
6.27,-0.817363
6.275,-0.817296
6.28,-0.817422
6.285,-0.817355
6.29,-0.817481
6.295,-0.817413
6.3,-0.817538
6.305,-0.817469
6.31,-0.817595
6.315,-0.817528
6.32,-0.817655
6.325,-0.817589
6.33,-0.817715
6.335,-0.817648
6.34,-0.817774
6.345,-0.817706
6.35,-0.817832
6.355,-0.817766
6.36,-0.817893
6.365,-0.817827
6.37,-0.817954
6.375,-0.817887
6.38,-0.818013
6.385,-0.817944
6.39,-0.818071
6.395,-0.818004
6.4,-0.818131
6.405,-0.818064
6.41,-0.81819
6.415,-0.818122
6.42,-0.818248
6.425,-0.818182
6.43,-0.818309
6.435,-0.818242
6.44,-0.818368
6.445,-0.8183
6.45,-0.818426
6.455,-0.81836
6.46,-0.818486
6.465,-0.818419
6.47,-0.818545
6.475,-0.81848
6.48,-0.818607
6.485,-0.818541
6.49,-0.818667
6.495,-0.818599
6.5,-0.818725
6.505,-0.818659
6.51,-0.818785
6.515,-0.818718
6.52,-0.818844
6.525,-0.818778
6.53,-0.818905
6.535,-0.818838
6.54,-0.818964
6.545,-0.818895
6.55,-0.819021
6.555,-0.818954
6.56,-0.819079
6.565,-0.819011
6.57,-0.819136
6.575,-0.819069
6.58,-0.819195
6.585,-0.819126
6.59,-0.819252
6.595,-0.819185
6.6,-0.819311
6.605,-0.819243
6.61,-0.819367
6.615,-0.819299
6.62,-0.819425
6.625,-0.819357
6.63,-0.81948
6.635,-0.819413
6.64,-0.819538
6.645,-0.81947
6.65,-0.819594
6.655,-0.819526
6.66,-0.819651
6.665,-0.819583
6.67,-0.819708
6.675,-0.819638
6.68,-0.819762
6.685,-0.819693
6.69,-0.819817
6.695,-0.819747
6.7,-0.819871
6.705,-0.819803
6.71,-0.819927
6.715,-0.819857
6.72,-0.819981
6.725,-0.819912
6.73,-0.820036
6.735,-0.819966
6.74,-0.82009
6.745,-0.820021
6.75,-0.820145
6.755,-0.820075
6.76,-0.820199
6.765,-0.82013
6.77,-0.820254
6.775,-0.820184
6.78,-0.820306
6.785,-0.820235
6.79,-0.820357
6.795,-0.820287
6.8,-0.820408
6.805,-0.820336
6.81,-0.820458
6.815,-0.820388
6.82,-0.82051
6.825,-0.820438
6.83,-0.82056
6.835,-0.820489
6.84,-0.820612
6.845,-0.820539
6.85,-0.820662
6.855,-0.820591
6.86,-0.820714
6.865,-0.820642
6.87,-0.820763
6.875,-0.82069
6.88,-0.820811
6.885,-0.820739
6.89,-0.82086
6.895,-0.820787
6.9,-0.820908
6.905,-0.820836
6.91,-0.820957
6.915,-0.820885
6.92,-0.821004
6.925,-0.820931
6.93,-0.821052
6.935,-0.82098
6.94,-0.8211
6.945,-0.821026
6.95,-0.821146
6.955,-0.821074
6.96,-0.821194
6.965,-0.821121
6.97,-0.82124
6.975,-0.821165
6.98,-0.821284
6.985,-0.821211
6.99,-0.82133
6.995,-0.821256
7,-0.821374
7.005,-0.821299
7.01,-0.821417
7.015,-0.821343
7.02,-0.821461
7.025,-0.821387
7.03,-0.821504
7.035,-0.821428
7.04,-0.821546
7.045,-0.821471
7.05,-0.821589
7.055,-0.821514
7.06,-0.821631
7.065,-0.821554
7.07,-0.821672
7.075,-0.821597
7.08,-0.821715
7.085,-0.821639
7.09,-0.821756
7.095,-0.82168
7.1,-0.821796
7.105,-0.821718
7.11,-0.821834
7.115,-0.821758
7.12,-0.821875
7.125,-0.821799
7.13,-0.821915
7.135,-0.821838
7.14,-0.821953
7.145,-0.821874
7.15,-0.82199
7.155,-0.821912
7.16,-0.822025
7.165,-0.821947
7.17,-0.822061
7.175,-0.821985
7.18,-0.822103
7.185,-0.822026
7.19,-0.82214
7.195,-0.822063
7.2,-0.822179
7.205,-0.822101
7.21,-0.822213
7.215,-0.822134
7.22,-0.822249
7.225,-0.822168
7.23,-0.822283
7.235,-0.822205
7.24,-0.822318
7.245,-0.82224
7.25,-0.822356
7.255,-0.822278
7.26,-0.82239
7.265,-0.822311
7.27,-0.822426
7.275,-0.822346
7.28,-0.822457
7.285,-0.822377
7.29,-0.822491
7.295,-0.822409
7.3,-0.82252
7.305,-0.822438
7.31,-0.822551
7.315,-0.822469
7.32,-0.822578
7.325,-0.822495
7.33,-0.822607
7.335,-0.822523
7.34,-0.822636
7.345,-0.822554
7.35,-0.822665
7.355,-0.822585
7.36,-0.8227
7.365,-0.822619
7.37,-0.822731
7.375,-0.822648
7.38,-0.822756
7.385,-0.822672
7.39,-0.822782
7.395,-0.8227
7.4,-0.822814
7.405,-0.822733
7.41,-0.822844
7.415,-0.82276
7.42,-0.822868
7.425,-0.822784
7.43,-0.822894
7.435,-0.822809
7.44,-0.822916
7.445,-0.822832
7.45,-0.822942
7.455,-0.822858
7.46,-0.822965
7.465,-0.822881
7.47,-0.822991
7.475,-0.822907
7.48,-0.823015
7.485,-0.822931
7.49,-0.823042
7.495,-0.822959
7.5,-0.823067
7.505,-0.822984
7.51,-0.823095
7.515,-0.823012
7.52,-0.823122
7.525,-0.823037
7.53,-0.823142
7.535,-0.823057
7.54,-0.823166
7.545,-0.823081
7.55,-0.823187
7.555,-0.823102
7.56,-0.823212
7.565,-0.823128
7.57,-0.823236
7.575,-0.823149
7.58,-0.823253
7.585,-0.823167
7.59,-0.823274
7.595,-0.823188
7.6,-0.823294
7.605,-0.823204
7.61,-0.823311
7.615,-0.823224
7.62,-0.823331
7.625,-0.823243
7.63,-0.823347
7.635,-0.82326
7.64,-0.823367
7.645,-0.823281
7.65,-0.823387
7.655,-0.823298
7.66,-0.823401
7.665,-0.823313
7.67,-0.823419
7.675,-0.823331
7.68,-0.823437
7.685,-0.823347
7.69,-0.823449
7.695,-0.82336
7.7,-0.823466
7.705,-0.823378
7.71,-0.823482
7.715,-0.823396
7.72,-0.8235
7.725,-0.823412
7.73,-0.823518
7.735,-0.82343
7.74,-0.823535
7.745,-0.823445
7.75,-0.823546
7.755,-0.823457
7.76,-0.823563
7.765,-0.823475
7.77,-0.82358
7.775,-0.82349
7.78,-0.823592
7.785,-0.823503
7.79,-0.823609
7.795,-0.823521
7.8,-0.823626
7.805,-0.823537
7.81,-0.82364
7.815,-0.823549
7.82,-0.823649
7.825,-0.823559
7.83,-0.823663
7.835,-0.823574
7.84,-0.823677
7.845,-0.823586
7.85,-0.823688
7.855,-0.823596
7.86,-0.823695
7.865,-0.823603
7.87,-0.823706
7.875,-0.823616
7.88,-0.823718
7.885,-0.823627
7.89,-0.823727
7.895,-0.823637
7.9,-0.823738
7.905,-0.823647
7.91,-0.82375
7.915,-0.823659
7.92,-0.823762
7.925,-0.82367
7.93,-0.823771
7.935,-0.823678
7.94,-0.823776
7.945,-0.823684
7.95,-0.823787
7.955,-0.823696
7.96,-0.823799
7.965,-0.823707
7.97,-0.823809
7.975,-0.823716
7.98,-0.823816
7.985,-0.823721
7.99,-0.823819
7.995,-0.823725
8,-0.823828
8.005,-0.823736
8.01,-0.823838
8.015,-0.823745
8.02,-0.823846
8.025,-0.823753
8.03,-0.823852
8.035,-0.823757
8.04,-0.823854
8.045,-0.823761
8.05,-0.823863
8.055,-0.823771
8.06,-0.823873
8.065,-0.823781
8.07,-0.823882
8.075,-0.823789
8.08,-0.823889
8.085,-0.823794
8.09,-0.823893
8.095,-0.823797
8.1,-0.823893
8.105,-0.823799
8.11,-0.8239
8.115,-0.823808
8.12,-0.823909
8.125,-0.823816
8.13,-0.823917
8.135,-0.823823
8.14,-0.823923
8.145,-0.823828
8.15,-0.823927
8.155,-0.823831
8.16,-0.823928
8.165,-0.823831
8.17,-0.823926
8.175,-0.823831
8.18,-0.823932
8.185,-0.823838
8.19,-0.823939
8.195,-0.823846
8.2,-0.823946
8.205,-0.823852
8.21,-0.823951
8.215,-0.823856
8.22,-0.823954
8.225,-0.823858
8.23,-0.823956
8.235,-0.823859
8.24,-0.823955
8.245,-0.823858
8.25,-0.823952
8.255,-0.823858
8.26,-0.823953
8.265,-0.823858
8.27,-0.823957
8.275,-0.823863
8.28,-0.823963
8.285,-0.823869
8.29,-0.823968
8.295,-0.823874
8.3,-0.823973
8.305,-0.823877
8.31,-0.823975
8.315,-0.823879
8.32,-0.823976
8.325,-0.823879
8.33,-0.823976
8.335,-0.823879
8.34,-0.823975
8.345,-0.823876
8.35,-0.823972
8.355,-0.823873
8.36,-0.823966
8.365,-0.823871
8.37,-0.823966
8.375,-0.82387
8.38,-0.823969
8.385,-0.823875
8.39,-0.823974
8.395,-0.82388
8.4,-0.82398
8.405,-0.823887
8.41,-0.823981
8.415,-0.823884
8.42,-0.823982
8.425,-0.823886
8.43,-0.823984
8.435,-0.823888
8.44,-0.823986
8.445,-0.823889
8.45,-0.823987
8.455,-0.82389
8.46,-0.823986
8.465,-0.823889
8.47,-0.823985
8.475,-0.823887
8.48,-0.823983
8.485,-0.823885
8.49,-0.82398
8.495,-0.823881
8.5,-0.823976
8.505,-0.823877
8.51,-0.823971
8.515,-0.823872
8.52,-0.823966
8.525,-0.823866
8.53,-0.823959
8.535,-0.823863
8.54,-0.823957
8.545,-0.823862
8.55,-0.823957
8.555,-0.823862
8.56,-0.823957
8.565,-0.823862
8.57,-0.823957
8.575,-0.823862
8.58,-0.823957
8.585,-0.823862
8.59,-0.823956
8.595,-0.823861
8.6,-0.823955
8.605,-0.82386
8.61,-0.823954
8.615,-0.823858
8.62,-0.823952
8.625,-0.823857
8.63,-0.823951
8.635,-0.823855
8.64,-0.823949
8.645,-0.823853
8.65,-0.823946
8.655,-0.82385
8.66,-0.823944
8.665,-0.823848
8.67,-0.823941
8.675,-0.823845
8.68,-0.823938
8.685,-0.823842
8.69,-0.823935
8.695,-0.823838
8.7,-0.823932
8.705,-0.823835
8.71,-0.823928
8.715,-0.823832
8.72,-0.823925
8.725,-0.823828
8.73,-0.823921
8.735,-0.823825
8.74,-0.823918
8.745,-0.823821
8.75,-0.823915
8.755,-0.823818
8.76,-0.823911
8.765,-0.823815
8.77,-0.823908
8.775,-0.823812
8.78,-0.823905
8.785,-0.823809
8.79,-0.823902
8.795,-0.823806
8.8,-0.823899
8.805,-0.823803
8.81,-0.823898
8.815,-0.823797
8.82,-0.823889
8.825,-0.823792
8.83,-0.823886
8.835,-0.823789
8.84,-0.823884
8.845,-0.823784
8.85,-0.823876
8.855,-0.82378
8.86,-0.823875
8.865,-0.823775
8.87,-0.823868
8.875,-0.823768
8.88,-0.82386
8.885,-0.823763
8.89,-0.823859
8.895,-0.823759
8.9,-0.823853
8.905,-0.823754
8.91,-0.823848
8.915,-0.823748
8.92,-0.823842
8.925,-0.823742
8.93,-0.823837
8.935,-0.823737
8.94,-0.823832
8.945,-0.823733
8.95,-0.823828
8.955,-0.823729
8.96,-0.823825
8.965,-0.823726
8.97,-0.823822
8.975,-0.823724
8.98,-0.82382
8.985,-0.823722
8.99,-0.823818
8.995,-0.823721
9,-0.823817
9.005,-0.82372
9.01,-0.823817
9.015,-0.82372
9.02,-0.823817
9.025,-0.82372
9.03,-0.823818
9.035,-0.823722
9.04,-0.823815
9.045,-0.823718
9.05,-0.82381
9.055,-0.823713
9.06,-0.823805
9.065,-0.823707
9.07,-0.8238
9.075,-0.823702
9.08,-0.823795
9.085,-0.823697
9.09,-0.82379
9.095,-0.823693
9.1,-0.823786
9.105,-0.823685
9.11,-0.823776
9.115,-0.823678
9.12,-0.823771
9.125,-0.823674
9.13,-0.823769
9.135,-0.823668
9.14,-0.823761
9.145,-0.82366
9.15,-0.823753
9.155,-0.823652
9.16,-0.823744
9.165,-0.823647
9.17,-0.823743
9.175,-0.823643
9.18,-0.823737
9.185,-0.823638
9.19,-0.823732
9.195,-0.823633
9.2,-0.823727
9.205,-0.823628
9.21,-0.823723
9.215,-0.823625
9.22,-0.82372
9.225,-0.823622
9.23,-0.823718
9.235,-0.82362
9.24,-0.823716
9.245,-0.823619
9.25,-0.823716
9.255,-0.823619
9.26,-0.823716
9.265,-0.82362
9.27,-0.823713
9.275,-0.823616
9.28,-0.823709
9.285,-0.823611
9.29,-0.823704
9.295,-0.823607
9.3,-0.823699
9.305,-0.823602
9.31,-0.823696
9.315,-0.823595
9.32,-0.823686
9.325,-0.823589
9.33,-0.823683
9.335,-0.823582
9.34,-0.823675
9.345,-0.823574
9.35,-0.823666
9.355,-0.823569
9.36,-0.823664
9.365,-0.823565
9.37,-0.823659
9.375,-0.823559
9.38,-0.823653
9.385,-0.823553
9.39,-0.823648
9.395,-0.823548
9.4,-0.823643
9.405,-0.823544
9.41,-0.82364
9.415,-0.823541
9.42,-0.823637
9.425,-0.823539
9.43,-0.823635
9.435,-0.823538
9.44,-0.823634
9.445,-0.823537
9.45,-0.823634
9.455,-0.823538
9.46,-0.823635
9.465,-0.82354
9.47,-0.823633
9.475,-0.823537
9.48,-0.823629
9.485,-0.823532
9.49,-0.823626
9.495,-0.823525
9.5,-0.823616
9.505,-0.823519
9.51,-0.823613
9.515,-0.823512
9.52,-0.823603
9.525,-0.823506
9.53,-0.8236
9.535,-0.8235
9.54,-0.823593
9.545,-0.823493
9.55,-0.823586
9.555,-0.823486
9.56,-0.823579
9.565,-0.823479
9.57,-0.823573
9.575,-0.823474
9.58,-0.823568
9.585,-0.823469
9.59,-0.823564
9.595,-0.823465
9.6,-0.823561
9.605,-0.823463
9.61,-0.823559
9.615,-0.823461
9.62,-0.823558
9.625,-0.823461
9.63,-0.823558
9.635,-0.823461
9.64,-0.823558
9.645,-0.823462
9.65,-0.82356
9.655,-0.823465
9.66,-0.823559
9.665,-0.823463
9.67,-0.823556
9.675,-0.823459
9.68,-0.823553
9.685,-0.823456
9.69,-0.823551
9.695,-0.82345
9.7,-0.823542
9.705,-0.823445
9.71,-0.82354
9.715,-0.823439
9.72,-0.823533
9.725,-0.823432
9.73,-0.823525
9.735,-0.823424
9.74,-0.823517
9.745,-0.82342
9.75,-0.823516
9.755,-0.823417
9.76,-0.823512
9.765,-0.823412
9.77,-0.823507
9.775,-0.823408
9.78,-0.823503
9.785,-0.823404
9.79,-0.8235
9.795,-0.823402
9.8,-0.823497
9.805,-0.8234
9.81,-0.823496
9.815,-0.823398
9.82,-0.823495
9.825,-0.823398
9.83,-0.823495
9.835,-0.823399
9.84,-0.823496
9.845,-0.8234
9.85,-0.823497
9.855,-0.823403
9.86,-0.823496
9.865,-0.8234
9.87,-0.823493
9.875,-0.823396
9.88,-0.823489
9.885,-0.823393
9.89,-0.823486
9.895,-0.823389
9.9,-0.823484
9.905,-0.823383
9.91,-0.823475
9.915,-0.823378
9.92,-0.823471
9.925,-0.823375
9.93,-0.82347
9.935,-0.823371
9.94,-0.823464
9.945,-0.823364
9.95,-0.823456
9.955,-0.823359
9.96,-0.823457
9.965,-0.823361
9.97,-0.823456
9.975,-0.823359
9.98,-0.823454
9.985,-0.823358
9.99,-0.823454
9.995,-0.823356
10,-0.823451
